category,value
Maruti,1
Ford,2
Honda,3
Hyundai,4
Maruti,1
Ford,2
Honda,3
Hyundai,4
Maruti,1
Ford,2
Honda,3
Hyundai,4
Maruti,1
Ford,2
Honda,3
Hyundai,4
Maruti,1
Ford,2
Honda,3
Hyundai,4
Maruti,1
Ford,2
Honda,3
Hyundai,4
Maruti,1
Ford,2
Honda,3
Hyundai,4
Maruti,1
Ford,2
Honda,3
Hyundai,4
Maruti,1
Ford,2
Honda,3
Hyundai,4
Maruti,1
Ford,2
Honda,3
Hyundai,4
Maruti,1
Ford,2
Honda,3
Hyundai,4
Maruti,1
Ford,2
Honda,3
Hyundai,4
Maruti,1
Ford,2
Honda,3
Hyundai,4
Maruti,1
Ford,2
Honda,3
Hyundai,4
Maruti,1
Ford,2
Honda,3
Hyundai,4
Maruti,1
Ford,2
Honda,3
Hyundai,4
Maruti,1
Ford,2
Honda,3
Hyundai,4
Maruti,1
Ford,2
Honda,3
Hyundai,4
Maruti,1
Ford,2
Honda,3
Hyundai,4
Maruti,1
Ford,2
Honda,3
Hyundai,4
Maruti,1
Ford,2
Honda,3
Hyundai,4
Maruti,1
Ford,2
Honda,3
Hyundai,4
Maruti,1
Ford,2
Honda,3
Hyundai,4
Maruti,1
Ford,2
Honda,3
Hyundai,4
Maruti,1
Ford,2
Honda,3
Hyundai,4
Maruti,1
Ford,2
Honda,3
Hyundai,4
Maruti,1
Ford,2
Honda,3
Hyundai,4
Maruti,1
Ford,2
Honda,3
Hyundai,4
Maruti,1
Ford,2
Honda,3
Hyundai,4
Maruti,1
Ford,2
Honda,3
Hyundai,4
Maruti,1
Ford,2
Honda,3
Hyundai,4
Maruti,1
Ford,2
Honda,3
Hyundai,4
Maruti,1
Ford,2
Honda,3
Hyundai,4
Maruti,1
Ford,2
Honda,3
Hyundai,4
Maruti,1
Ford,2
Honda,3
Hyundai,4
Maruti,1
Ford,2
Honda,3
Hyundai,4
Maruti,1
Ford,2
Honda,3
Hyundai,4
Maruti,1
Ford,2
Honda,3
Hyundai,4
Maruti,1
Ford,2
Honda,3
Hyundai,4
Maruti,1
Ford,2
Honda,3
Hyundai,4
Maruti,1
Ford,2
Honda,3
Hyundai,4
Maruti,1
Ford,2
Honda,3
Hyundai,4
Maruti,1
Ford,2
Honda,3
Hyundai,4
Maruti,1
Ford,2
Honda,3
Hyundai,4
Maruti,1
Ford,2
Honda,3
Hyundai,4
Maruti,1
Ford,2
Honda,3
Hyundai,4
Maruti,1
Ford,2
Honda,3
Hyundai,4
Maruti,1
Ford,2
Honda,3
Hyundai,4
Maruti,1
Ford,2
Honda,3
Hyundai,4
Maruti,1
Ford,2
Honda,3
Hyundai,4
Maruti,1
Ford,2
Honda,3
Hyundai,4
Maruti,1
Ford,2
Honda,3
Hyundai,4
Maruti,1
Ford,2
Honda,3
Hyundai,4
Maruti,1
Ford,2
Honda,3
Hyundai,4
Maruti,1
Ford,2
Honda,3
Hyundai,4
Maruti,1
Ford,2
Honda,3
Hyundai,4
Maruti,1
Ford,2
Honda,3
Hyundai,4
Maruti,1
Ford,2
Honda,3
Hyundai,4
Maruti,1
Ford,2
Honda,3
Hyundai,4
Maruti,1
Ford,2
Honda,3
Hyundai,4
Maruti,1
Ford,2
Honda,3
Hyundai,4
Maruti,1
Ford,2
Honda,3
Hyundai,4
Maruti,1
Ford,2
Honda,3
Hyundai,4
Maruti,1
Ford,2
Honda,3
Hyundai,4
Maruti,1
Ford,2
Honda,3
Hyundai,4
Maruti,1
Ford,2
Honda,3
Hyundai,4
Maruti,1
Ford,2
Honda,3
Hyundai,4
Maruti,1
Ford,2
Honda,3
Hyundai,4
Maruti,1
Ford,2
Honda,3
Hyundai,4
Maruti,1
Ford,2
Honda,3
Hyundai,4
Maruti,1
Ford,2
Honda,3
Hyundai,4
Maruti,1
Ford,2
Honda,3
Hyundai,4
Maruti,1
Ford,2
Honda,3
Hyundai,4
Maruti,1
Ford,2
Honda,3
Hyundai,4
Maruti,1
Ford,2
Honda,3
Hyundai,4
Maruti,1
Ford,2
Honda,3
Hyundai,4
Maruti,1
Ford,2
Honda,3
Hyundai,4
Maruti,1
Ford,2
Honda,3
Hyundai,4
Maruti,1
Ford,2
Honda,3
Hyundai,4
Maruti,1
Ford,2
Honda,3
Hyundai,4
Maruti,1
Ford,2
Honda,3
Hyundai,4
Maruti,1
Ford,2
Honda,3
Hyundai,4
Maruti,1
Ford,2
Honda,3
Hyundai,4
Maruti,1
Ford,2
Honda,3
Hyundai,4
Maruti,1
Ford,2
Honda,3
Hyundai,4
Maruti,1
Ford,2
Honda,3
Hyundai,4
Maruti,1
Ford,2
Honda,3
Hyundai,4
Maruti,1
Ford,2
Honda,3
Hyundai,4
Maruti,1
Ford,2
Honda,3
Hyundai,4
Maruti,1
Ford,2
Honda,3
Hyundai,4
Maruti,1
Ford,2
Honda,3
Hyundai,4
Maruti,1
Ford,2
Honda,3
Hyundai,4
Maruti,1
Ford,2
Honda,3
Hyundai,4
Maruti,1
Ford,2
Honda,3
Hyundai,4
Maruti,1
Ford,2
Honda,3
Hyundai,4
Maruti,1
Ford,2
Honda,3
Hyundai,4
Maruti,1
Ford,2
Honda,3
Hyundai,4
Maruti,1
Ford,2
Honda,3
Hyundai,4
Maruti,1
Ford,2
Honda,3
Hyundai,4
Maruti,1
Ford,2
Honda,3
Hyundai,4
Maruti,1
Ford,2
Honda,3
Hyundai,4
Maruti,1
Ford,2
Honda,3
Hyundai,4
Maruti,1
Ford,2
Honda,3
Hyundai,4
Maruti,1
Ford,2
Honda,3
Hyundai,4
Maruti,1
Ford,2
Honda,3
Hyundai,4
Maruti,1
Ford,2
Honda,3
Hyundai,4
Maruti,1
Ford,2
Honda,3
Hyundai,4
Maruti,1
Ford,2
Honda,3
Hyundai,4
Maruti,1
Ford,2
Honda,3
Hyundai,4
Maruti,1
Ford,2
Honda,3
Hyundai,4
Maruti,1
Ford,2
Honda,3
Hyundai,4
Maruti,1
Ford,2
Honda,3
Hyundai,4
Maruti,1
Ford,2
Honda,3
Hyundai,4
Maruti,1
Ford,2
Honda,3
Hyundai,4
Maruti,1
Ford,2
Honda,3
Hyundai,4
Maruti,1
Ford,2
Honda,3
Hyundai,4
Maruti,1
Ford,2
Honda,3
Hyundai,4
Maruti,1
Ford,2
Honda,3
Hyundai,4
Maruti,1
Ford,2
Honda,3
Hyundai,4
Maruti,1
Ford,2
Honda,3
Hyundai,4
Maruti,1
Ford,2
Honda,3
Hyundai,4
Maruti,1
Ford,2
Honda,3
Hyundai,4
Maruti,1
Ford,2
Honda,3
Hyundai,4
Maruti,1
Ford,2
Honda,3
Hyundai,4
Maruti,1
Ford,2
Honda,3
Hyundai,4
Maruti,1
Ford,2
Honda,3
Hyundai,4
Maruti,1
Ford,2
Honda,3
Hyundai,4
Maruti,1
Ford,2
Honda,3
Hyundai,4
Maruti,1
Ford,2
Honda,3
Hyundai,4
Maruti,1
Ford,2
Honda,3
Hyundai,4
Maruti,1
Ford,2
Honda,3
Hyundai,4
Maruti,1
Ford,2
Honda,3
Hyundai,4
Maruti,1
Ford,2
Honda,3
Hyundai,4
Maruti,1
Ford,2
Honda,3
Hyundai,4
Maruti,1
Ford,2
Honda,3
Hyundai,4
Maruti,1
Ford,2
Honda,3
Hyundai,4
Maruti,1
Ford,2
Honda,3
Hyundai,4
Maruti,1
Ford,2
Honda,3
Hyundai,4
Maruti,1
Ford,2
Honda,3
Hyundai,4
Maruti,1
Ford,2
Honda,3
Hyundai,4
Maruti,1
Ford,2
Honda,3
Hyundai,4
Maruti,1
Ford,2
Honda,3
Hyundai,4
Maruti,1
Ford,2
Honda,3
Hyundai,4
Maruti,1
Ford,2
Honda,3
Hyundai,4
Maruti,1
Ford,2
Honda,3
Hyundai,4
Maruti,1
Ford,2
Honda,3
Hyundai,4
Maruti,1
Ford,2
Honda,3
Hyundai,4
Maruti,1
Ford,2
Honda,3
Hyundai,4
Maruti,1
Ford,2
Honda,3
Hyundai,4
Maruti,1
Ford,2
Honda,3
Hyundai,4
Maruti,1
Ford,2
Honda,3
Hyundai,4
Maruti,1
Ford,2
Honda,3
Hyundai,4
Maruti,1
Ford,2
Honda,3
Hyundai,4
Maruti,1
Ford,2
Honda,3
Hyundai,4
Maruti,1
Ford,2
Honda,3
Hyundai,4
Maruti,1
Ford,2
Honda,3
Hyundai,4
Maruti,1
Ford,2
Honda,3
Hyundai,4
Maruti,1
Ford,2
Honda,3
Hyundai,4
Maruti,1
Ford,2
Honda,3
Hyundai,4
Maruti,1
Ford,2
Honda,3
Hyundai,4
Maruti,1
Ford,2
Honda,3
Hyundai,4
Maruti,1
Ford,2
Honda,3
Hyundai,4
Maruti,1
Ford,2
Honda,3
Hyundai,4
Maruti,1
Ford,2
Honda,3
Hyundai,4
Maruti,1
Ford,2
Honda,3
Hyundai,4
Maruti,1
Ford,2
Honda,3
Hyundai,4
Maruti,1
Ford,2
Honda,3
Hyundai,4
Maruti,1
Ford,2
Honda,3
Hyundai,4
Maruti,1
Ford,2
Honda,3
Hyundai,4
Maruti,1
Ford,2
Honda,3
Hyundai,4
Maruti,1
Ford,2
Honda,3
Hyundai,4
Maruti,1
Ford,2
Honda,3
Hyundai,4
Maruti,1
Ford,2
Honda,3
Hyundai,4
Maruti,1
Ford,2
Honda,3
Hyundai,4
Maruti,1
Ford,2
Honda,3
Hyundai,4
Maruti,1
Ford,2
Honda,3
Hyundai,4
Maruti,1
Ford,2
Honda,3
Hyundai,4
Maruti,1
Ford,2
Honda,3
Hyundai,4
Maruti,1
Ford,2
Honda,3
Hyundai,4
Maruti,1
Ford,2
Honda,3
Hyundai,4
Maruti,1
Ford,2
Honda,3
Hyundai,4
Maruti,1
Ford,2
Honda,3
Hyundai,4
Maruti,1
Ford,2
Honda,3
Hyundai,4
Maruti,1
Ford,2
Honda,3
Hyundai,4
Maruti,1
Ford,2
Honda,3
Hyundai,4
Maruti,1
Ford,2
Honda,3
Hyundai,4
Maruti,1
Ford,2
Honda,3
Hyundai,4
Maruti,1
Ford,2
Honda,3
Hyundai,4
Maruti,1
Ford,2
Honda,3
Hyundai,4
Maruti,1
Ford,2
Honda,3
Hyundai,4
Maruti,1
Ford,2
Honda,3
Hyundai,4
Maruti,1
Ford,2
Honda,3
Hyundai,4
Maruti,1
Ford,2
Honda,3
Hyundai,4
Maruti,1
Ford,2
Honda,3
Hyundai,4
Maruti,1
Ford,2
Honda,3
Hyundai,4
Maruti,1
Ford,2
Honda,3
Hyundai,4
Maruti,1
Ford,2
Honda,3
Hyundai,4
Maruti,1
Ford,2
Honda,3
Hyundai,4
Maruti,1
Ford,2
Honda,3
Hyundai,4
Maruti,1
Ford,2
Honda,3
Hyundai,4
Maruti,1
Ford,2
Honda,3
Hyundai,4
Maruti,1
Ford,2
Honda,3
Hyundai,4
Maruti,1
Ford,2
Honda,3
Hyundai,4
Maruti,1
Ford,2
Honda,3
Hyundai,4
Maruti,1
Ford,2
Honda,3
Hyundai,4
Maruti,1
Ford,2
Honda,3
Hyundai,4
Maruti,1
Ford,2
Honda,3
Hyundai,4
Maruti,1
Ford,2
Honda,3
Hyundai,4
Maruti,1
Ford,2
Honda,3
Hyundai,4
Maruti,1
Ford,2
Honda,3
Hyundai,4
Maruti,1
Ford,2
Honda,3
Hyundai,4
Maruti,1
Ford,2
Honda,3
Hyundai,4
Maruti,1
Ford,2
Honda,3
Hyundai,4
Maruti,1
Ford,2
Honda,3
Hyundai,4
Maruti,1
Ford,2
Honda,3
Hyundai,4
Maruti,1
Ford,2
Honda,3
Hyundai,4
Maruti,1
Ford,2
Honda,3
Hyundai,4
Maruti,1
Ford,2
Honda,3
Hyundai,4
Maruti,1
Ford,2
Honda,3
Hyundai,4
Maruti,1
Ford,2
Honda,3
Hyundai,4
Maruti,1
Ford,2
Honda,3
Hyundai,4
Maruti,1
Ford,2
Honda,3
Hyundai,4
Maruti,1
Ford,2
Honda,3
Hyundai,4
Maruti,1
Ford,2
Honda,3
Hyundai,4
Maruti,1
Ford,2
Honda,3
Hyundai,4
Maruti,1
Ford,2
Honda,3
Hyundai,4
Maruti,1
Ford,2
Honda,3
Hyundai,4
Maruti,1
Ford,2
Honda,3
Hyundai,4
Maruti,1
Ford,2
Honda,3
Hyundai,4
Maruti,1
Ford,2
Honda,3
Hyundai,4
Maruti,1
Ford,2
Honda,3
Hyundai,4
Maruti,1
Ford,2
Honda,3
Hyundai,4
Maruti,1
Ford,2
Honda,3
Hyundai,4
Maruti,1
Ford,2
Honda,3
Hyundai,4
Maruti,1
Ford,2
Honda,3
Hyundai,4
Maruti,1
Ford,2
Honda,3
Hyundai,4
Maruti,1
Ford,2
Honda,3
Hyundai,4
Maruti,1
Ford,2
Honda,3
Hyundai,4
Maruti,1
Ford,2
Honda,3
Hyundai,4
Maruti,1
Ford,2
Honda,3
Hyundai,4
Maruti,1
Ford,2
Honda,3
Hyundai,4
Maruti,1
Ford,2
Honda,3
Hyundai,4
Maruti,1
Ford,2
Honda,3
Hyundai,4
Maruti,1
Ford,2
Honda,3
Hyundai,4
Maruti,1
Ford,2
Honda,3
Hyundai,4
Maruti,1
Ford,2
Honda,3
Hyundai,4
Maruti,1
Ford,2
Honda,3
Hyundai,4
Maruti,1
Ford,2
Honda,3
Hyundai,4
Maruti,1
Ford,2
Honda,3
Hyundai,4
Maruti,1
Ford,2
Honda,3
Hyundai,4
Maruti,1
Ford,2
Honda,3
Hyundai,4
Maruti,1
Ford,2
Honda,3
Hyundai,4
Maruti,1
Ford,2
Honda,3
Hyundai,4
Maruti,1
Ford,2
Honda,3
Hyundai,4
Maruti,1
Ford,2
Honda,3
Hyundai,4
Maruti,1
Ford,2
Honda,3
Hyundai,4
Maruti,1
Ford,2
Honda,3
Hyundai,4
Maruti,1
Ford,2
Honda,3
Hyundai,4
Maruti,1
Ford,2
Honda,3
Hyundai,4
Maruti,1
Ford,2
Honda,3
Hyundai,4
Maruti,1
Ford,2
Honda,3
Hyundai,4
Maruti,1
Ford,2
Honda,3
Hyundai,4
Maruti,1
Ford,2
Honda,3
Hyundai,4
Maruti,1
Ford,2
Honda,3
Hyundai,4
Maruti,1
Ford,2
Honda,3
Hyundai,4
Maruti,1
Ford,2
Honda,3
Hyundai,4
Maruti,1
Ford,2
Honda,3
Hyundai,4
Maruti,1
Ford,2
Honda,3
Hyundai,4
Maruti,1
Ford,2
Honda,3
Hyundai,4
Maruti,1
Ford,2
Honda,3
Hyundai,4
Maruti,1
Ford,2
Honda,3
Hyundai,4
Maruti,1
Ford,2
Honda,3
Hyundai,4
Maruti,1
Ford,2
Honda,3
Hyundai,4
Maruti,1
Ford,2
Honda,3
Hyundai,4
Maruti,1
Ford,2
Honda,3
Hyundai,4